hyp_test,category,original_string,new_string,notes
h1,cultural,aspirate cultures,aspirate_cultures,lowers false positive rate
h1,cultural,bacteria culture,bacteria_culture,lowers false positive rate
h1,cultural,bacteria cultures,bacteria_cultures,lowers false positive rate
h1,cultural,bacterial culture,bacterial_culture,lowers false positive rate
h1,cultural,bacterial cultures,bacterial_cultures,lowers false positive rate
h1,cultural,blood culture,blood_culture,lowers false positive rate
h1,cultural,blood culture,blood_culture,lowers false positive rate
h1,cultural,blood cultures,blood_cultures,lowers false positive rate
h1,cultural,blood cultures,blood_cultures,lowers false positive rate
h1,cultural,cell culture,cell_culture,lowers false positive rate
h1,cultural,cell cultured,cell_cultured,lowers false positive rate
h1,cultural,cell cultures,cell_cultures,lowers false positive rate
h1,cultural,cells cultured,cells_cultured,lowers false positive rate
h1,cultural,cross culture,cross_cultural,increases accuracy
h1,cultural,cross-culture,cross_cultural,increases accuracy
h1,cultural,cross cultural,cross_cultural,increases accuracy
h1,cultural,cross-cultural,cross_cultural,increases accuracy
h1,cultural,culture filtrate,culture_filtrate,lowers false positive rate
h1,cultural,culture medium,culture_medium,lowers false positive rate
h1,cultural,culture supernatants,culture_supernatants,lowers false positive rate
h1,cultural,cultured cells,cultured_cells,lowers false positive rate
h1,cultural,fibroblast cultures,fibroblast_cultures,lowers false positive rate
h1,cultural,in cultured,in_cultured,lowers false positive rate
h1,cultural,liquid culture,liquid_culture,lowers false positive rate
h1,cultural,liquid cultures,liquid_cultures,lowers false positive rate
h1,cultural,lymphocyte culture,lymphocyte_culture,lowers false positive rate
h1,cultural,lymphocyte cultures,lymphocyte_cultures,lowers false positive rate
h1,cultural,monolayer culture,monolayer_culture,lowers false positive rate
h1,cultural,monolayer cultures,monolayer_cultures,lowers false positive rate
h1,cultural,mycobacterial culture,mycobacterial_culture,lowers false positive rate
h1,cultural,mycobacterial cultures,mycobacterial_cultures,lowers false positive rate
h1,cultural,multi-culturally,multiculturally,increases accuracy
h1,cultural,multi-cultural,multicultural,increases accuracy
h1,cultural,organ culture,organ_culture,lowers false positive rate
h1,cultural,positive cultures,positive_cultures,lowers false positive rate
h1,cultural,primary culture,primary_culture,lowers false positive rate
h1,cultural,primary cultures,primary_cultures,lowers false positive rate
h1,cultural,priming culture,priming_culture,lowers false positive rate
h1,cultural,priming cultures,priming_cultures,lowers false positive rate
h1,cultural,serum culture,serum_culture,lowers false positive rate
h1,cultural,serum cultures,serum_cultures,lowers false positive rate
h1,cultural,sputum culture,sputum_culture,lowers false positive rate
h1,cultural,suspension culture,suspension_culture,lowers false positive rate
h1,cultural,suspension cultures,suspension_cultures,lowers false positive rate
h1,cultural,term cultures,term_cultures,lowers false positive rate
h1,cultural,tissue culture,tissue_culture,lowers false positive rate
h1,cultural,tissue cultures,tissue_cultures,lowers false positive rate
h1,cultural,urine culture,urine_culture,lowers false positive rate
h1,cultural,urine cultures,urine_cultures,lowers false positive rate
h1,cultural,viral culture,viral_culture,lowers false positive rate
h1,cultural,viral cultures,viral_cultures,lowers false positive rate
h1,cultural,vitro culture,vitro_culture,lowers false positive rate
h1,cultural,vitro cultures,vitro_cultures,lowers false positive rate
h1,disability,able bodied,able_bodied,
h1,disability,able-bodied,able_bodied,
h1,disability,birth defect,birth_defect,
h1,disability,birth defects,birth_defect,
h1,disability,blind tested,blind_testing,lowers false positive rate
h1,disability,blind testing,blind_testing,lowers false positive rate
h1,disability,blind-tested,blind_testing,lowers false positive rate
h1,disability,blind-testing,blind_testing,lowers false positive rate
h1,disability,cognitive delay,cognitive_delay,
h1,disability,cognitively delay,cognitively_delayed,
h1,disability,congenital defect,congenital_defect,
h1,disability,deaf blind,deafblind,
h1,disability,deaf-blind,deafblind,
h1,disability,deaf-mute,deafmute,
h1,disability,developmental delay,developmental_delay,
h1,disability,developmental impairment,developmental_impairment,
h1,disability,developmentally delayed,developmentally_delayed,
h1,disability,developmentally impaired,developmentally_impaired,
h1,disability,differently abled,differently_abled,
h1,disability,differently-abled,differently_abled,
h1,disability,double blind,double_blind,lowers false positive rate
h1,disability,double-blind,double_blind,lowers false positive rate
h1,disability,hard of hearing,hard_of_hearing,
h1,disability,hearing impaired,hearing_impaired,
h1,disability,hearing impairment,hearing_impairment,
h1,disability,hearing-impaired,hearing_impaired,
h1,disability,limited vision,limited_vision,
h1,disability,limited-vision,limited_vision,
h1,disability,low vision,low_vision,
h1,disability,mental retardation,mental_retardation,
h1,disability,mentally retarded,mentally_retarded,
h1,disability,neuro-diverse,neurodiverse,
h1,disability,neurological disorder,neurological_disorder,
h1,disability,physician blind,physician_blind,lowers false positive rate
h1,disability,physician-blind,physician_blind,lowers false positive rate
h1,disability,single blind,single_blind,
h1,disability,single-blind,single_blind,
h1,disability,special needs,special_needs,
h1,disability,substance abuse,substance_abuse,
h1,disability,substance abuser,substance_abuser,
h1,disability,visual impairment,visual_impairment,
h1,disability,visually impaired,visually_impaired,
h1,lifecourse,age-related,age_related,
h1,lifecourse,age-specific,age_specific,
h1,lifecourse,middle age,middle_age,
h1,lifecourse,middle aged,middle_aged,
h1,lifecourse,middle-age,middle_age,
h1,lifecourse,middle-aged,middle_aged,
h1,lifecourse,pre-adolescence,preadolescence,
h1,lifecourse,pre-adolescent,preadolescent,
h1,lifecourse,pre-adolescents,preadolescents,
h1,lifecourse,pre-pubescence,prepubescence,
h1,lifecourse,pre-pubescent,prepubescent,
h1,lifecourse,pre-pubescents,prepubescents,
h1,lifecourse,year old,years_old,
h1,lifecourse,years of age,years_of_age,
h1,lifecourse,years old,years_old,
h1,lifecourse,years old,years_old,
h1,migration,asylum seeker,asylum_seeker,
h1,migration,asylum seekers,asylum_seeker,
h1,migration,foreign-born,foreign_born,
h1,minority,a minority,a_minority,lowers false positive rate
h1,minority,minority group,minority_group,
h1,minority,minority groups,minority_group,
h1,minority,minority of,minority_of,lowers false positive rate
h1,minority,minority population,minority_population,
h1,minority,minority populations,minority_population,
h1,minority,under-represented,underrepresented,
h1,sex/gender,bi-gender,bigender,
h1,sex/gender,cis-gender,cisgender,
h1,sex/gender,cis-normative,cisnormative,
h1,sex/gender,cis-people,cispeople,
h1,sex/gender,cis-person,cisperson,
h1,sex/gender,double-sex,doublesex,
h1,sex/gender,f2m,female_to_male,
h1,sex/gender,female assigned at birth,female_assigned_at_birth,
h1,sex/gender,female sex,female_sex,
h1,sex/gender,female to male,female_to_male,
h1,sex/gender,female-assigned-at-birth,female_assigned_at_birth,
h1,sex/gender,female-to-male,female_to_male,
h1,sex/gender,femaletomale,female_to_male,
h1,sex/gender,feminine of center,feminine_of_center,
h1,sex/gender,feminine presenting,feminine_presenting,
h1,sex/gender,feminine-of-center,feminine_of_center,
h1,sex/gender,feminine-presenting,feminine_presenting,
h1,sex/gender,fluid gender,genderfluid,
h1,sex/gender,fluid-gender,genderfluid,
h1,sex/gender,ftm,female_to_male,
h1,sex/gender,gender binary,gender_binary,
h1,sex/gender,gender fluid,genderfluid,
h1,sex/gender,gender neutrois,gender_neutrois,
h1,sex/gender,gender non conforming,gender_nonconforming,
h1,sex/gender,gender non-conforming,gender_nonconforming,
h1,sex/gender,gender nonconforming,gender_nonconforming,
h1,sex/gender,gender normative,gender_normative,
h1,sex/gender,gender queer,genderqueer,
h1,sex/gender,gender straight,gender_straight,
h1,sex/gender,gender variance,gender_variant,
h1,sex/gender,gender variant,gender_variant,
h1,sex/gender,gender-binary,gender_binary,
h1,sex/gender,gender-fluid,genderfluid,
h1,sex/gender,gender-normative,gender_normative,
h1,sex/gender,gender-queer,genderqueer,
h1,sex/gender,gender-variance,gender_variant,
h1,sex/gender,gender-variant,gender_variant,
h1,sex/gender,inter-sex,intersex,
h1,sex/gender,inter-sexual,intersex,
h1,sex/gender,intersexual,intersex,
h1,sex/gender,m2f,male_to_female,
h1,sex/gender,male assigned at birth,male_assigned_at_birth,
h1,sex/gender,male sex,male_sex,
h1,sex/gender,male to female,male_to_female,
h1,sex/gender,male-assigned-at-birth,male_assigned_at_birth,
h1,sex/gender,male-to-female,male_to_female,
h1,sex/gender,maletofemale,male_to_female,
h1,sex/gender,masculine of center,masculine_of_center,
h1,sex/gender,masculine presenting,masculine_presenting,
h1,sex/gender,masculine-of-center,masculine_of_center,
h1,sex/gender,masculine-presenting,masculine_presenting,
h1,sex/gender,mtf,male_to_female,
h1,sex/gender,non-binary,nonbinary,
h1,sex/gender,poly gender,polygender,
h1,sex/gender,poly-gender,polygender,
h1,sex/gender,polygendered,polygender,
h1,sex/gender,sex adjusted,sex_adjusted,"increases accuracy, decrease confidence margin"
h1,sex/gender,sex assigned at birth,sex_assigned_at_birth,"increases accuracy, decrease confidence margin"
h1,sex/gender,sex chromosome,sex_chromosome,"increases accuracy, decrease confidence margin"
h1,sex/gender,sex chromosomes,sex_chromosomes,"increases accuracy, decrease confidence margin"
h1,sex/gender,sex determination,sex_determination,"increases accuracy, decrease confidence margin"
h1,sex/gender,sex determining,sex_determining,"increases accuracy, decrease confidence margin"
h1,sex/gender,sex difference,sex_difference,"increases accuracy, decrease confidence margin"
h1,sex/gender,sex gene,sex_gene,"increases accuracy, decrease confidence margin"
h1,sex/gender,sex genes,sex_genes,"increases accuracy, decrease confidence margin"
h1,sex/gender,sex hormone,sex_hormone,"increases accuracy, decrease confidence margin"
h1,sex/gender,sex hormones,sex_hormones,"increases accuracy, decrease confidence margin"
h1,sex/gender,sex matched,sex_matched,"increases accuracy, decrease confidence margin"
h1,sex/gender,sex ratio,sex_ratio,"increases accuracy, decrease confidence margin"
h1,sex/gender,sex specific,sex_specific,"increases accuracy, decrease confidence margin"
h1,sex/gender,sex specifically,sex_specifically,"increases accuracy, decrease confidence margin"
h1,sex/gender,sex steroid,sex_steroid,"increases accuracy, decrease confidence margin"
h1,sex/gender,sex steroids,sex_steroids,"increases accuracy, decrease confidence margin"
h1,sex/gender,sex stratified,sex_stratified,"increases accuracy, decrease confidence margin"
h1,sex/gender,sex-adjusted,sex_adjusted,"increases accuracy, decrease confidence margin"
h1,sex/gender,sex-assigned-at-birth,sex_assigned_at_birth,"increases accuracy, decrease confidence margin"
h1,sex/gender,sex-gene,sex_gene,"increases accuracy, decrease confidence margin"
h1,sex/gender,sex-genes,sex_genes,"increases accuracy, decrease confidence margin"
h1,sex/gender,sex-linked,sex_linked,"increases accuracy, decrease confidence margin"
h1,sex/gender,sex-matched,sex_matched,"increases accuracy, decrease confidence margin"
h1,sex/gender,sex-ratio,sex_ratio,"increases accuracy, decrease confidence margin"
h1,sex/gender,sex-specific,sex_specific,"increases accuracy, decrease confidence margin"
h1,sex/gender,sex-specifically,sex_specifically,"increases accuracy, decrease confidence margin"
h1,sex/gender,sex-steroid,sex_steroid,"increases accuracy, decrease confidence margin"
h1,sex/gender,sex-steroids,sex_steroids,"increases accuracy, decrease confidence margin"
h1,sex/gender,sex-stratified,sex_stratified,"increases accuracy, decrease confidence margin"
h1,sex/gender,sexual differentiation,sexual_differentiation,
h1,sex/gender,sexual dimorphism,sexual_dimorphism,
h1,sex/gender,sexual dimorphisms,sexual_dimorphism,
h1,sex/gender,sexually dimorphic,sexually_dimorphic,
h1,sex/gender,sexually transmitted,sexually_transmitted,
h1,sex/gender,sexually-transmitted,sexually_transmitted,
h1,sex/gender,trans-gender,transgender,
h1,sex/gender,trans-gendered,transgender,
h1,sex/gender,trans-man,transman,
h1,sex/gender,trans-men,transmen,
h1,sex/gender,trans-phobic,transphobic,
h1,sex/gender,trans-sexual,transsexual,
h1,sex/gender,trans-sexuals,transsexuals,
h1,sex/gender,trans-woman,transwoman,
h1,sex/gender,trans-women,transwomen,
h1,sexuality,andro-phile,androphile,
h1,sexuality,andro-philes,androphiles,
h1,sexuality,andro-philic,androphilic,
h1,sexuality,andro-sexual,androsexual,
h1,sexuality,andro-sexuals,androsexuals,
h1,sexuality,bi-curious,bicurious,
h1,sexuality,bi-phobic,biphobic,
h1,sexuality,bi-sexual,bisexual,
h1,sexuality,bi-sexual,bisexual,
h1,sexuality,bi-sexuals,bisexuals,
h1,sexuality,bi-sexuals,bisexuals,
h1,sexuality,commercial sex,commercial_sex,
h1,sexuality,demi-romantic,demiromantic,
h1,sexuality,demi-romantics,demiromantics,
h1,sexuality,hetero-normative,heteronormative,
h1,sexuality,hetero-sexist,heterosexist,
h1,sexuality,hetero-sexual,heterosexual,
h1,sexuality,hetero-sexuals,heterosexuals,
h1,sexuality,homo-sexual,homosexual,
h1,sexuality,homo-sexuals,homosexuals,
h1,sexuality,mono-gamous,monogamous,
h1,sexuality,pan-sexual,pansexual,
h1,sexuality,poly-amorous,polyamorous,
h1,sexuality,safe sex,safe_sex,
h1,sexuality,safer sex,safer_sex,
h1,sexuality,sex-education,sex_education,
h1,sexuality,sex education,sex_education,
h1,sexuality,sex life,sex_life,"increases accuracy, decrease confidence margin"
h1,sexuality,sex partner,sex_partner,"increases accuracy, decrease confidence margin"
h1,sexuality,sex partners,sex_partners,"increases accuracy, decrease confidence margin"
h1,sexuality,sex worker,sex_worker,lowers false positive rate
h1,sexuality,sex workers,sex_workers,lowers false positive rate
h1,sexuality,sexual activity,sexual_activity,"increases accuracy, decrease confidence margin"
h1,sexuality,sexual attraction,sexual_attraction,"increases accuracy, decrease confidence margin"
h1,sexuality,sexual development,sexual_development,"increases accuracy, decrease confidence margin"
h1,sexuality,sexual dysfunction,sexual_dysfunction,"increases accuracy, decrease confidence margin"
h1,sexuality,sexual function,sexual_function,"increases accuracy, decrease confidence margin"
h1,sexuality,sexual intercourse,sexual_intercourse,"increases accuracy, decrease confidence margin"
h1,sexuality,sexual orientation,sexual_orientation,"increases accuracy, decrease confidence margin"
h1,sexuality,sexual preference,sexual_preference,"increases accuracy, decrease confidence margin"
h1,sexuality,sexual reproduction,sexual_reproduction,"increases accuracy, decrease confidence margin"
h1,sexuality,skolio-sexual,skoliosexual,
h1,sexuality,skolio-sexuals,skoliosexuals,
h1,sexuality,unprotected sex,unprotected_sex,
h1,social_class,at-risk,at_risk,
h1,social_class,blue-collar,blue_collar,
h1,social_class,college educated,college_educated,
h1,social_class,college-educated,college_educated,
h1,social_class,economic instability,economic_instability,
h1,social_class,economically deprived,economically_deprived,
h1,social_class,economically stable,economically_stable,
h1,social_class,economically unstable,economically_unstable,
h1,social_class,economically vulnerable,economically_vulnerable,
h1,social_class,economically-deprived,economically_deprived,
h1,social_class,economically-stable,economically_stable,
h1,social_class,economically-unstable,economically_unstable,
h1,social_class,economically-vulnerable,economically_vulnerable,
h1,social_class,high income,high_income,
h1,social_class,high-income,high_income,
h1,social_class,high-ses,high_ses,
h1,social_class,higher educated,higher_educated,
h1,social_class,higher income,higher_income,
h1,social_class,higher-educated,higher_educated,
h1,social_class,higher-income,higher_income,
h1,social_class,highest income,highest_income,
h1,social_class,highest-income,highest_income,
h1,social_class,highly educated,highly_educated,
h1,social_class,highly-educated,highly_educated,
h1,social_class,less educated,less_educated,
h1,social_class,less-educated,less_educated,
h1,social_class,less-fortunate,less_fortunate,
h1,social_class,low-class,low_class,
h1,social_class,low-income,low_income,
h1,social_class,low-ses,low_ses,
h1,social_class,lower class,lower_class,
h1,social_class,lower educated,lower_educated,
h1,social_class,lower income,lower_income,
h1,social_class,lower-class,lower_class,
h1,social_class,lower-educated,lower_educated,
h1,social_class,lower-income,lower_income,
h1,social_class,lowest income,lowest_income,
h1,social_class,lowest-income,lowest_income,
h1,social_class,middle-class,middle_class,
h1,social_class,middle-income,middle_income,
h1,social_class,mode-educated,more_educated,
h1,social_class,more educated,more_educated,
h1,social_class,ruling-class,ruling_class,
h1,social_class,socio-economic,socioeconomic,
h1,social_class,socio-economically,socioeconomically,
h1,social_class,under educated,under_educated,
h1,social_class,under-educated,undereducated,
h1,social_class,under-educated,under_educated,
h1,social_class,under-privileged,underprivileged,
h1,social_class,under-resourced,underresourced,
h1,social_class,under-served,underserved,
h1,social_class,upper income,upper_income,
h1,social_class,upper-class,upper_class,
h1,social_class,upper-income,upper_income,
h1,social_class,well educated,well_educated,
h1,social_class,well-educated,well_educated,
h1,social_class,well-off,well_off,
h1,social_class,well-to-do,well_to_do,
h1,social_class,white-collar,white_collar,
h1,social_class,working-class,working_class,
h2,omb_census,african american,african_american,
h2,omb_census,african americans,african_americans,
h2,omb_census,african-american,african_american,
h2,omb_census,african-americans,african_americans,
h2,omb_census,afro american,african_american,
h2,omb_census,afro americans,african_americans,
h2,omb_census,afro-american,african_american,
h2,omb_census,afro-americans,african_americans,
h2,omb_census,alaska native,alaska_native,
h2,omb_census,alaska natives,alaska_natives,
h2,omb_census,alaska-native,alaska_native,
h2,omb_census,alaska-natives,alaska_natives,
h2,omb_census,alaskan native,alaska_native,
h2,omb_census,alaskan natives,alaska_natives,
h2,omb_census,alaskan-native,alaska_native,
h2,omb_census,alaskan-natives,alaska_natives,
h2,omb_census,american indian,american_indian,
h2,omb_census,american indians,american_indians,
h2,omb_census,american-indian,american_indian,
h2,omb_census,american-indians,american_indians,
h2,omb_census,native american,native_american,
h2,omb_census,native americans,native_americans,
h2,omb_census,native-american,native_american,
h2,omb_census,native-americans,native_americans,
h2,omb_census,native hawaiian,native_hawaiian,
h2,omb_census,native hawaiians,native_hawaiians,
h2,omb_census,native-hawaiian,native_hawaiian,
h2,omb_census,native-hawaiians,native_hawaiians,
h2,omb_census,pacific islander,pacific_islander,
h2,omb_census,pacific islanders,pacific_islanders,
h2,omb_census,pacific-islander,pacific_islander,
h2,omb_census,pacific-islanders,pacific_islanders,
h2,omb_census,hispanic american,hispanic_american,
h2,omb_census,hispanic americans,hispanic_americans,
h2,omb_census,hispanic-american,hispanic_american,
h2,omb_census,hispanic-americans,hispanic_americans,
h2,omb_census,asian american,asian_american,
h2,omb_census,asian-american,asian_american,
h2,omb_census,asian americans,asian_americans,
h2,omb_census,asian-americans,asian_americans,
h2,omb_census,caucasian-american,caucasian_american,
h2,omb_census,caucasian-americans,caucasian_americans,
h2,omb_census,white american,white_american,
h2,omb_census,white americans,white_americans,
h2,omb_census,white-matter,white_matter,lowers false positive rate
h2,omb_census,white matter,white_matter,lowers false positive rate
h2,omb_census,white and gray matter,white_and_gray_matter,lowers false positive rate
h2,omb_census,new zealand white,new_zealand_white,lowers false positive rate
h2,omb_census,white blood cell,white_blood_cell,lowers false positive rate
h2,omb_census,white blood cells,white_blood_cells,lowers false positive rate
h2,omb_census,white-cell,white_cell,lowers false positive rate
h2,omb_census,white cell,white_cell,lowers false positive rate
h2,omb_census,white cells,white_cells,lowers false positive rate
h2,omb_census,white adipose,white_adipose,lowers false positive rate
h2,omb_census,egg white,egg_white,lowers false positive rate
h2,omb_census,white pulp,white_pulp,lowers false positive rate
h2,omb_census,white noise,white_noise,lowers false positive rate
h2,omb_census,white light,white_light,lowers false positive rate
h2,omb_census,white dwarf,white_dwarf,lowers false positive rate
h2,omb_census,white dwarfs,white_dwarfs,lowers false positive rate
h2,omb_census,white rabbits,white_rabbits,lowers false positive rate
h2,omb_census,white coat,white_coat,lowers false positive rate
h2,omb_census,white clover,white_clover,lowers false positive rate
h2,omb_census,white dairy,white_dairy,lowers false positive rate
h2,omb_census,white gene,white_gene,lowers false positive rate
h2,omb_census,white lead,white_lead,lowers false positive rate
h2,omb_census,white spotting,white_spotting,lowers false positive rate
h2,omb_census,white grape juice,white_grape_juice,lowers false positive rate
h2,omb_census,non-hispanic white,nonhispanic_white,increases accuracy
h2,omb_census,non-hispanic whites,nonhispanic_whites,increases accuracy
h2,omb_census,non-hispanic black,nonhispanic_black,increases accuracy
h2,omb_census,non-hispanic blacks,nonhispanic_blacks,increases accuracy
h2,omb_census,non-hispanic,nonhispanic,increases accuracy
h2,omb_census,non-black,nonblack,lowers false positive rate
h2,omb_census,non-blacks,nonblacks,lowers false positive rate
h2,omb_census,non-white,nonwhite,lowers false positive rate
h2,omb_census,non-whites,nonwhites,lowers false positive rate
h2,omb_census,black tea,black_tea,lowers false positive rate
h2,omb_census,black hole,black_hole,lowers false positive rate
h2,omb_census,black holes,black_holes,lowers false positive rate
h2,omb_census,black sea,black_sea,lowers false positive rate
h2,omb_census,carbon black,carbon_black,lowers false positive rate
h2,omb_census,black spruce,black_spruce,lowers false positive rate
h2,omb_census,black swallowtails,black_swallowtails,lowers false positive rate
h2,omb_census,black box,black_box,lowers false positive rate
h2,omb_census,black carp,black_carp,lowers false positive rate
h2,omb_census,black death,black_death,lowers false positive rate
h3,all_pop_terms,afro-eurasia,afroeurasia,
h3,all_pop_terms,afro-eurasian,afroeurasian,
h3,all_pop_terms,afro-eurasians,afroeurasians,
h3,continental,north america,north_america,
h3,continental,north american,north_american,
h3,continental,north americans,north_americans,
h3,continental,south america,south_america,
h3,continental,south american,south_american,
h3,continental,south americans,south_americans,
h3,national,burkinabé,burkinabe,
h3,national,burkinabè,burkinabe,
h3,national,cabo verde,cabo_verde,
h3,national,cabo verdean,cabo_verdean,
h3,national,cabo verdeans,cabo_verdeans,
h3,national,bissau guinean,bissau_guinean,
h3,national,bissau guineans,bissau_guineans,
h3,national,guinea bissau,guinea_bissau,
h3,national,guinea-bissau,guinea_bissau,
h3,national,bissau-guinean,bissau_guinean,
h3,national,bissau-guineans,bissau_guineans,
h3,national,côte d'ivoire,ivory_coast,
h3,national,cote d'ivoire,ivory_coast,
h3,national,cote divoire,ivory_coast,
h3,national,ivory coast,ivory_coast,
h3,national,hong kong,hong_kong,
h3,national,hong konger,hongkonger,
h3,national,hong kongers,hongkongers,
h3,national,saudi arabia,saudi_arabia,
h3,national,saudi arabian,saudi_arabian,
h3,national,saudi arabians,saudi_arabians,
h3,national,saudi-arabian,saudi_arabian,
h3,national,saudi-arabians,saudi_arabians,
h3,national,saudiarabian,saudi_arabian,
h3,national,saudiarabians,saudi_arabians,
h3,national,sri lanka,sri_lanka,
h3,national,sri lankan,sri_lankan,
h3,national,sri lankans,sri_lankans,
h3,national,barthélemois,barthelemois,
h3,national,curaçaoan,curacaoan,
h3,national,curaçaoans,curacaoans,
h3,national,czech republic,czech_republic,
h3,national,jan meyen,jan_meyen,
h3,national,monégasque,monegasque,
h3,national,monégasques,monegasques,
h3,national,new caledonia,new_caledonia,
h3,national,new caledonian,new_caledonian,
h3,national,new caledonians,new_caledonians,
h3,national,saint-martinois,saint_martinois,
h3,national,saint-pierrais,saint_pierrais,
h3,national,burkina faso,burkina_faso,
h3,national,sierra leone,seirra_leone,
h3,national,sierra leonean,sierra_leonean,
h3,national,sierra leoneans,sierra_leoneans,
h3,national,são tomé and príncipe,sao_tome_and_principe,
h3,national,sao tome and principe,sao_tome_and_principe,
h3,national,são toméan,sao_tomean,
h3,national,são toméans,sao_tomeans,
h3,national,sao tomean,sao_tomean,
h3,national,sao tomeans,sao_tomeans,
h3,national,costa rica,costa_rica,
h3,national,costa rican,costa_rican,
h3,national,costa ricans,costa_ricans,
h3,national,costa-rica,costa_rica,
h3,national,costa-rican,costa_rican,
h3,national,costa-ricans,costa_ricans,
h3,national,costarican,costa_rica,
h3,national,costaricans,costa_rican,
h3,subnational,gaúcho,gaucho,
h3,subnational,gaúchos,gauchos,
h3,subnational,barriga-verde,barriga_verde,
h3,subnational,barrigas-verdes,barrigas_verdes,
h3,subnational,pacific islands,pacific_islands,
h3,subnational,west indian,west_indian,
h3,subnational,west indians,west_indians,
h3,subnational,west indies,west_indies,
h3,subnational,sul-rio-grandense,sul_rio_grandense,
h3,subnational,central america,central_america,
h3,subnational,central american,central_american,
h3,subnational,central americans,central_americans,
h3,subnational,provençal,provencal,
h3,subnational,po river,po_river,
h3,subnational,león,leon,
h3,subnational,middle east,middle_east,
h3,subnational,middle eastern,middle_eastern,
h3,subnational,middle easterners,middle_easterners,
h3,subnational,nile river,nile_river,
h3,subnational,danube river,danube_river,
h3,subnational,saint barthélemy,saint_barthelemy,
h3,subnational,saint helena,saint_helena,
h3,national,ascension_island,ascension_island,
h3,national,tristan_da_cunha,tristan_da_cunha,
h3,national,saint kitts and nevis,saint_kitts_and_nevis,
h3,national,saint kitts,saint_kitts,
h3,national,saint lucia,saint_lucia,
h3,national,saint martin,saint_martin,
h3,national,saint pierre and miquelon,saint_pierre_and_miquelon,
h3,national,saint vincent and the grenadines,saint_vincent_and_the_grenadines,
h3,national,sahrawi arab democratic republic,sahrawi_arab_democratic_republic,
h3,national,saint helenian,saint_helenian,
h3,national,saint helenians,saint_helenians,
h3,national,saint lucian,saint_lucian,
h3,national,saint lucians,saint_lucians,
h3,national,saint-martinoise,saint_martinoise,
h3,national,saint-martinois,saint_martinois,
h3,national,saint-martinoises,saint_martinoises,
h3,national,saint-pierrais,saint_pierrais,
h3,national,saint-pierrais,saint_pierrais,
h3,national,saint-pierraises,saint_pierraises,
h3,national,miquelonnais,miquelonnais,
h3,national,miquelonnaises,miquelonnaises,
h3,national,saint vincentian,saint_vincentian,
h3,national,saint vincentians,saint_vincentians,
h3,national,san marino,san_marino,
h3,national,south georgia and the south sandwich islands,south_georgia_and_the_south_sandwich_islands,
h3,national,south georgia island,south_georgia_island,
h3,national,south sandwich islands,south_sandwich_islands,
h3,national,south sandwich islander,south_sandwich_islander,
h3,national,south sandwich islander,south_sandwich_islander,
h3,national,south sandwich islanders,south_sandwich_islanders,
h3,national,south ossetia,south_ossetia,
h3,national,south ossetian,south_ossetian,
h3,national,south ossetians,south_ossetians,
h3,national,south sudan,south_sudan,
h3,national,south sudanese,south_sudanese,
h3,national,south sudanese,south_sudanese,
h3,national,åland islands,aland_islands,
h3,national,åland islander,aland_islander,
h3,national,åland islanders,aland_islanders,
h3,national,american samoa,american_samoa,
h3,national,american samoan,american_samoan,
h3,national,american samoans,american_samoans,
h3,national,bosnia and herzegovina,bosnia_and_herzegovina,
h3,national,bouvet island,bouvet_island,
h3,national,bouvet islander,bouvet_islander,
h3,national,bouvet islanders,bouvet_islanders,
h3,national,british indian ocean territory,british_indian_ocean_territory,
h3,national,cayman islands,cayman_islands,
h3,national,christmas island,christmas_island,
h3,national,christmas islander,christmas_islander,
h3,national,christmas islanders,christmas_islanders,
h3,national,cook islands,cook_islands,
h3,national,cook islanders,cook_islanders,
h3,national,dominican republic,dominican_republic,
h3,national,east timor,east_timor,
h3,national,equatorial guinea,equatorial_guinea,
h3,national,equatorial guinean,equatorial_guinean,
h3,national,equatorial guineans,equatorial_guineans,
h3,national,european union,european_union,
h3,national,faroe islands,faroe_islands,
h3,national,french guiana,french_guiana,
h3,national,french guianese,french_guianese,
h3,national,french guianese,french_guianese,
h3,national,french polynesia,french_polynesia,
h3,national,french polynesian,french_polynesian,
h3,national,french polynesians,french_polynesians,
h3,national,french southern territories,french_southern_territories,
h3,national,french southern territories,french_southern_territories,
h3,national,heard island and mcdonald islands,heard_island_and_mcdonald_islands,
h3,national,heard islander,heard_islander,
h3,national,heard islanders,heard_islanders,
h3,national,mcdonald islander,mcdonald_islander,
h3,national,mcdonald islanders,mcdonald_islanders,
h3,national,hong kongese,hong_kongese,
h3,national,channel island,channel_island,
h3,national,channel islanders,channel_islanders,
h3,national,north korean,north_korean,
h3,national,north koreans,north_koreans,
h3,national,south korean,south_korean,
h3,national,north korea,north_korea,
h3,national,south korea,south_korea,
h3,national,south koreans,south_koreans,
h3,national,marshall islands,marshall_islands,
h3,national,norfolk island,norfolk_island,
h3,national,norfolk islander,norfolk_islander,
h3,national,norfolk islanders,norfolk_islanders,
h3,national,northern ireland,northern_ireland,
h3,national,northern irish,northern_irish,
h3,national,northern irishmen,northern_irishmen,
h3,national,northern irishwomen,northern_irishwomen,
h3,national,northern mariana islands,northern_mariana_islands,
h3,national,northern marianan,northern_marianan,
h3,national,northern marianans,northern_marianans,
h3,national,papua new guinea,papua_new_guinea,
h3,national,papua new guinean,papua_new_guinean,
h3,national,papua new guineans,papua_new_guineans,
h3,national,south africa,south_africa,
h3,national,south african,south_african,
h3,national,south africans,south_africans,
h3,national,timor-leste,timor_leste,
h3,national,trinidad and tobago,trinidad_and_tobago,
h3,national,united arab emirates,united_arab_emirates,
h3,national,united kingdom,united_kingdom,
h3,national,great britian,great_britian,
h3,national,northern ireland,northern_ireland,
h3,national,usa,usa,
h3,national,vatican city,vatican_city,
h3,national,ni-vanuatu,ni_vanuatu,
h3,national,virgin islands,virgin_islands,
h3,national,british virgin island,british_virgin_island,
h3,national,british virgin islander,british_virgin_islander,
h3,national,british virgin islanders,british_virgin_islanders,
h3,national,u.s. virgin islanders,us_virgin_islanders,
h3,national,u.s. virgin islander,us_virgin_islander,
h3,national,us virgin islanders,us_virgin_islanders,
h3,national,us virgin islander,us_virgin_islander,
h3,national,wallis and futuna,wallis_and_futuna,
h3,national,wallis and futuna islanders,wallis_and_futuna_islanders,
h3,national,el salvador,el_salvador,
h3,subnational,saint maartener,saint_maartener,
h3,subnational,saint maarteners,saint_maarteners,
h3,subnational,st maartener,saint_maartener,
h3,subnational,st maarteners,saint_maarteners,
h3,subnational,st. maartener,saint_maartener,
h3,subnational,st. maarteners,saint_maarteners,
h3,subnational,b'nai moshe,b'nai_moshe,
h3,subnational,bene isreal,bene_isreal,
h3,subnational,bnei Menashe,bnei_menashe,
h3,subnational,vannikula-kshatriya,vannikula_kshatriya,
h3,subnational,valmiki boya,valmiki_boya,
h3,subnational,vamsha raj,vamsha_raj,
h3,subnational,vaishya vani,vaishya_vani,
h3,subnational,vaishya vanis,vaishya_vanis,
h3,subnational,vadde raju,vadde_raju,
h3,subnational,turi barot,turi_barot,
h3,subnational,turupu kapu,turupu_kapu,
h3,subnational,tuluva hebbars,tuluva_hebbars,
h3,subnational,tuluva vellala,tuluva_vellala,
h3,subnational,the chitrapur,the_chitrapur,
h3,subnational,thogata sali,thogata_sali,
h3,subnational,thogata veerakshatriya,thogata_veerakshatriya,
h3,subnational,surya balija,surya_balija,
h3,subnational,suryavanshi aare katika,suryavanshi_aare_katika,
h3,subnational,sai suthar,sai_suthar,
h3,subnational,ramnami samaj,ramnami_samaj,
h3,subnational,puragiri kshatriya,puragiri_kshatriya,
h3,subnational,perike balija,perike_balija,
h3,subnational,pedda boya,pedda_boya,
h3,subnational,pathare prabhu,pathare_prabhu,
h3,subnational,pariki muggula,pariki_muggula,
h3,subnational,pardeshi chamar,pardeshi_chamar,
h3,subnational,pandiri kalinga,pandiri_kalinga,
h3,subnational,pancha-dravida,pancha_dravida,
h3,subnational,pancha-gauda,pancha_gauda,
h3,subnational,pala-ekari,pala_ekari,
h3,subnational,odde oddilu vaddi vaddelu,odde_oddilu_vaddi_vaddelu,
h3,subnational,nayi-brahmin,nayi_brahmin,
h3,subnational,natrayat rajputs,natrayat_rajputs,
h3,subnational,nattathi nadar,nattathi_nadar,
h3,subnational,muslim dhobi,muslim_dhobi,
h3,subnational,mutrasi tenugollu,mutrasi_tenugollu,
h3,subnational,mondivaru mondibanda banda,mondivaru_mondibanda_banda,
h3,subnational,mondepatta mondipatta,mondepatta_mondipatta,
h3,subnational,maulika kayastha,maulika_kayastha,
h3,subnational,mang-garudi,mang_garudi,
h3,subnational,barthélemois,barthelemois,
h3,subnational,puerto ricans,puerto_ricans,
h3,subnational,puerto rican,puerto_rican,
h3,subnational,puerto rico,puerto_rico,
h3,subnational,espírito santo,espírito_santo,
h3,subnational,mato grosso,mato_grosso,
h3,subnational,mato grosso do sul,mato_grosso_do_sul,
h3,subnational,minas gerais,minas_gerais,
h3,subnational,norte-riograndense,norte_riograndense,
h3,subnational,rio de janeiro,rio_de_janeiro,
h3,subnational,rio grande do norte,rio_grande_do_norte,
h3,subnational,rio grande do sul,rio_grande_do_sul,
h3,subnational,são paulo,são_paulo,
h3,subnational,sul-matogrossense,sul_matogrossense,
h3,subnational,sul-riograndense,sul_riograndense,
h3,subnational,néo-brunswickois,néo_brunswickois,
h3,subnational,néo-écossais,néo_écossais,
h3,subnational,nova scotia,nova_scotia,
h3,subnational,nova scotian,nova_scotian,
h3,subnational,nova scotians,nova_scotians,
h3,subnational,prince edward island,prince_edward_island,
h3,subnational,prince edward islander,prince_edward_islander,
h3,subnational,prince edward islanders,prince_edward_islanders,
h3,subnational,prince-édouardien,prince_édouardien,
h3,subnational,baden-württemberg,baden_württemberg,
h3,subnational,uttar pradesh,uttar_pradesh,
h3,subnational,uttar pradeshi,uttar_pradeshi,
h3,subnational,uttar pradeshis,uttar_pradeshis,
h3,subnational,west bengal,west_bengal,
h3,subnational,rapa nui,rapa_nui,
h3,subnational,wai-wai,wai_wai,
h3,subnational,waimiri-atroarí,waimiri_atroarí,
h3,subnational,tingui-botó,tingui_botó,
h3,subnational,mecklenburg-western pomerania,mecklenburg_western pomerania,
h3,subnational,north rhine-westphalia,north rhine_westphalia,
h3,subnational,rhineland-palatinate,rhineland_palatinate,
h3,subnational,saxony-anhalt,saxony_anhalt,
h3,subnational,schleswig-holstein,schleswig_holstein,
h3,subnational,manawatu-wanganui,manawatu_wanganui,
h3,subnational,manawatu-wanganuian,manawatu_wanganuian,
h3,subnational,manawatu-wanganuians,manawatu_wanganuians,
h3,subnational,taga-maynila,taga_maynila,
h3,subnational,tawi-tawi,tawi_tawi,
h3,subnational,tawi-tawian,tawi_tawian,
h3,subnational,na-dené,na_dené,
h3,subnational,oji-cree,oji_cree,
h3,subnational,dane-zaa,dane_zaa,
h3,subnational,wasco-wishram,wasco_wishram,
h3,subnational,in-shuck-ch,in_shuck_ch,
h3,subnational,sinkiuse-columbia,sinkiuse_columbia,
h3,subnational,laich-kwil-tach,laich_kwil_tach,
h3,subnational,nuu-chah-nulth,nuu_chah_nulth,
h3,subnational,sauk-suiattle,sauk_suiattle,
h3,subnational,tolowa-tututni,tolowa_tututni,
h3,subnational,tsleil-waututh,tsleil_waututh,
h3,subnational,tzouk-e,tzouk_e,
h3,subnational,tsuut-ina,tsuut_ina,
h3,subnational,tsuut-ina,tsuut_ina,
h3,subnational,ho-chunk,ho_chunk,
h3,subnational,pak-ká-na,pak_ká_na,
h3,subnational,dene-thah,dene_thah,
h3,subnational,dunne-za,dunne_za,
h3,subnational,huu-ay-aht,huu_ay_aht,
h3,subnational,kwaw-kwaw-apilt,kwaw_kwaw_apilt,
h3,subnational,laich-kwil-tach,laich_kwil_tach,
h3,subnational,mowachaht-muchalaht,mowachaht_muchalaht,
h3,subnational,nuu-chah-nulth,nuu_chah_nulth,
h3,subnational,oji-cree,oji_cree,
h3,subnational,plains-ojibwa,plains_ojibwa,
h3,subnational,ska-ruh-reh,ska_ruh_reh,
h3,subnational,tla-o-qui-aht,tla_o_qui_aht,
h3,subnational,tsleil-waututh,tsleil_waututh,
h3,subnational,me-wuk,me_wuk,
h3,subnational,wai-lakki,wai_lakki,
h3,subnational,yak-tityu-tityu-yak-tilhini,yak_tityu_tityu_yak_tilhini,
h3,subnational,hopi-tewa,hopi_tewa,
h3,subnational,embera-wounaan,embera_wounaan,
h3,subnational,wai-wai,wai_wai,
h3,subnational,awa-kwaiker,awa_kwaiker,
h3,subnational,jama-coaque,jama_coaque,
h3,subnational,manteño-huancavilca,manteño_huancavilca,
h3,subnational,tuza-piartal,tuza_piartal,
h3,subnational,uru-murato,uru_murato,
h3,subnational,candoshi-shapra,candoshi_shapra,
h3,subnational,canelos-quichua,canelos_quichua,
h3,subnational,kugapakori-nahua,kugapakori_nahua,
h3,subnational,mura-pirarrã,mura_pirarrã,
h3,subnational,napo-quichua,napo_quichua,
h3,subnational,nukak-makú,nukak_makú,
h3,subnational,quijos-quichua,quijos_quichua,
h3,subnational,uaimiri-atroari,uaimiri_atroari,
h3,subnational,waimiri-atroari,waimiri_atroari,
h3,subnational,sateré-mawé,sateré_mawé,
h3,subnational,uru-eu-wau-wau,uru_eu_wau_wau,
h3,subnational,hi-merimã,hi_merimã,
h3,subnational,mashco-piro,mashco_piro,
h3,subnational,shipibo-conibo,shipibo_conibo,
h3,subnational,henia-camiare,henia_camiare,
h3,subnational,künün-a-güna,künün_a_güna,
h3,subnational,küwach-a-güna,küwach_a_güna,
h3,subnational,avá-guaraní,avá_guaraní,
h3,subnational,diaguita-calchaquí,diaguita_calchaquí,
h3,subnational,mbya-guaraní,mbya_guaraní,
h3,subnational,guarayu-ta,guarayu_ta,
h3,subnational,iru-itu,iru_itu,
h3,subnational,pauserna-guarasugwé,pauserna_guarasugwé,
h3,subnational,avá-canoeiro,avá_canoeiro,
h3,subnational,caiapós-xicrin,caiapós_xicrin,
h3,subnational,guarani-kaiowá/pai tavytera,guarani_kaiowá/pai tavytera,
h3,subnational,jenipapo-kanindé,jenipapo_kanindé,
h3,subnational,karirí-xocó,karirí_xocó,
h3,subnational,mirity-tapuya,mirity_tapuya,
h3,subnational,oro-uin,oro_uin,
h3,subnational,pira-tapuya,pira_tapuya,
h3,subnational,pai-tavyter,pai_tavyter,
h3,subnational,canelos-quichua,canelos_quichua,
h3,subnational,mashco-piro,mashco_piro,
h3,subnational,quijos-quichua,quijos_quichua,
h3,subnational,shipibo-conibo,shipibo_conibo,
h3,subnational,timoto-cuicas,timoto_cuicas,
h3,subnational,ga-adangbe,ga_adangbe,
h3,subnational,beti-pahuin‎,beti_pahuin‎,
h3,subnational,sotho-tswana,sotho_tswana,
h3,subnational,beti-pahuin‎,beti_pahuin‎,
h3,subnational,sotho-tswana,sotho_tswana,
h3,subnational,kadazan-dusun,kadazan_dusun,
h3,subnational,ni-vanuatu,ni_vanuatu,
h3,subnational,sama-bajau,sama_bajau,
h3,subnational,vaeakau-taumako,vaeakau_taumako,
h3,subnational,kaluli-kasua,kaluli_kasua,
h3,subnational,ni-vanuatu,ni_vanuatu,
h3,subnational,afro-iraqis,afro_iraqis,
h3,subnational,afro-jordanians,afro_jordanians,
h3,subnational,indo-european,indo_european,
h3,subnational,sub-saharan,sub_saharan,
h3,subnational,altay-kishi,altay_kishi,
h3,subnational,finno-ugric,finno_ugric,
h3,subnational,a-hmao,a_hmao,
h3,subnational,altay-kishi,altay_kishi,
h3,subnational,anglo-burmese,anglo_burmese,
h3,subnational,anglo-indian,anglo_indian,
h3,subnational,austro-asiatic,austro_asiatic,
h3,subnational,bangladeshi-armenians,bangladeshi_armenians,
h3,subnational,bodo-kachari,bodo_kachari,
h3,subnational,finno-ugric,finno_ugric,
h3,subnational,french-indian,french_indian,
h3,subnational,gha-mu,gha_mu,
h3,subnational,indo-kiwi,indo_kiwi,
h3,subnational,indo-aryan,indo_aryan,
h3,subnational,indo-canadian,indo_canadian,
h3,subnational,indo-caribbean,indo_caribbean,
h3,subnational,indo-fijian,indo_fijian,
h3,subnational,indo-grenadians,indo_grenadians,
h3,subnational,indo-guyanese,indo_guyanese,
h3,subnational,indo-haitians,indo_haitians,
h3,subnational,indo-jamaican,indo_jamaican,
h3,subnational,indo-martiniquais,indo_martiniquais,
h3,subnational,indo-mauritian,indo_mauritian,
h3,subnational,indo-réunionnaise,indo_réunionnaise,
h3,subnational,indo-saint lucian,indo_saint lucian,
h3,subnational,indo-seychellois,indo_seychellois,
h3,subnational,indo-surinamese,indo_surinamese,
h3,subnational,indo-trinidadian,indo_trinidadian,
h3,subnational,indo-vincentian,indo_vincentian,
h3,subnational,kankana-ey,kankana_ey,
h3,subnational,luso-indian,luso_indian,
h3,subnational,say-siyat,say_siyat,
h3,subnational,sino-burmese,sino_burmese,
h3,subnational,tibeto-burman,tibeto_burman,
h3,subnational,zaza-gorani,zaza_gorani,
h3,subnational,anglo-burmese,anglo_burmese,
h3,subnational,anglo-indian,anglo_indian,
h3,subnational,bangladeshi-armenians,bangladeshi_armenians,
h3,subnational,bodo-kachari,bodo_kachari,
h3,subnational,indo-canadian,indo_canadian,
h3,subnational,indo-caribbean,indo_caribbean,
h3,subnational,indo-fijian,indo_fijian,
h3,subnational,indo-grenadians,indo_grenadians,
h3,subnational,indo-guyanese,indo_guyanese,
h3,subnational,indo-haitians,indo_haitians,
h3,subnational,indo-jamaican,indo_jamaican,
h3,subnational,indo-martiniquais,indo_martiniquais,
h3,subnational,indo-mauritian,indo_mauritian,
h3,subnational,indo-réunionnaise,indo_réunionnaise,
h3,subnational,indo-saint lucian,indo_saint lucian,
h3,subnational,indo-seychellois,indo_seychellois,
h3,subnational,indo-surinamese,indo_surinamese,
h3,subnational,indo-trinidadian,indo_trinidadian,
h3,subnational,indo-vincentian,indo_vincentian,
h3,subnational,luso-indian,luso_indian,
h3,subnational,a-hmao,a_hmao,
h3,subnational,anglo-burmese,anglo_burmese,
h3,subnational,austro-asiatic,austro_asiatic,
h3,subnational,gha-mu,gha_mu,
h3,subnational,indo-aryan,indo_aryan,
h3,subnational,kankana-ey,kankana_ey,
h3,subnational,sino-burmese,sino_burmese,
h3,subnational,tibeto-burman,tibeto_burman,
h3,subnational,say-siyat,say_siyat,
h3,subnational,ad-dharmi,ad_dharmi,
h3,subnational,jhalo-malo,jhalo_malo,
h3,subnational,kanjara-bhatta,kanjara_bhatta,
h3,subnational,lower saxon,lower_saxon,
h3,subnational,lower saxons,lower_saxons,
h3,subnational,lower saxons,lower_saxons,
h3,subnational,lower saxony,lower_saxony,
h3,subnational,north rhine,north_rhine,
h3,subnational,north rhine_westphalia,north_rhine_westphalia,
h3,subnational,andaman islands,andaman_islands,
h3,subnational,andhra pradesh,andhra_pradesh,
h3,subnational,arunachal pradesh,arunachal_pradesh,
h3,subnational,kuala lumpur,kuala_lumpur,
h3,subnational,kuala lumpurian,kuala_lumpurian,
h3,subnational,kuala lumpurians,kuala_lumpurians,
h3,subnational,negeri sembilan,negeri_sembilan,
h3,subnational,negeri sembilanese,negeri_sembilanese,
h3,subnational,negeri sembilanese,negeri_sembilanese,
h3,subnational,baja california,baja_california,
h3,subnational,baja california sur,baja_california_sur,
h3,subnational,ciudad de méxico,ciudad_de_méxico,
h3,subnational,coahuila de zaragoza,coahuila_de_zaragoza,
h3,subnational,lower californian,lower_californian,
h3,subnational,new leonese,new_leonese,
h3,subnational,nuevo león,nuevo_león,
h3,subnational,san luis potosí,san_luis_potosí,
h3,subnational,pilage toba,pilage_toba,
h3,subnational,mbia chee,mbia_chee,
h3,subnational,san borjano,san_borjano,
h3,subnational,apolima arara,apolima_arara,
h3,subnational,arara do rio branco,arara_do_rio_branco,
h3,subnational,arara shawãdawa,arara_shawãdawa,
h3,subnational,assurini do tocantins,assurini_do_tocantins,
h3,subnational,assurini do xingu,assurini_do_xingu,
h3,subnational,cinta larga,cinta_larga,
h3,subnational,enawene nawe,enawene_nawe,
h3,subnational,karipuna do amapá,karipuna_do_amapá,
h3,subnational,katukina do rio biá,katukina_do_rio_biá,
h3,subnational,sateré mawé,sateré_mawé,
h3,subnational,suruí do pará,suruí_do_pará,
h3,subnational,kulina madihá,kulina_madihá,
h3,subnational,kulina pano,kulina_pano,
h3,subnational,menky manoki,menky_manoki,
h3,subnational,siona–secoya,siona_secoya,
h3,subnational,siona-secoya,siona_secoya,
h3,subnational,ese ejja,ese_ejja,
h3,subnational,norte chico,norte_chico,
h3,subnational,mongo twa,mongo_twa,
h3,subnational,somali bantu‎,somali_bantu‎,
h3,subnational,echuya batwa,echuya_batwa,
h3,subnational,great lakes twa,great_lakes_twa,
h3,subnational,kafwe twa,kafwe_twa,
h3,subnational,lukanga twa,lukanga_twa,
h3,subnational,mongo twa,mongo_twa,
h3,subnational,ota benga,ota_benga,
h3,subnational,somali bantu‎,somali_bantu‎,
h3,subnational,siberian tatars,siberian_tatars,
h3,subnational,sirenik eskimos,sirenik_eskimos,
h3,subnational,volga finns,volga_finns,
h3,subnational,baltic finns,baltic_finns,
h3,subnational,bene ephraim,bene_ephraim,
h3,subnational,bene israel,bene_israel,
h3,subnational,bihari mauritian,bihari_mauritian,
h3,subnational,bnei menashe,bnei_menashe,
h3,subnational,cambodian hokkien,cambodian_hokkien,
h3,subnational,chughtai tartars,chughtai_tartars,
h3,subnational,dongria kondha,dongria_kondha,
h3,subnational,great andamanese,great_andamanese,
h3,subnational,hmong–mien,hmong_mien,
h3,subnational,hmong-mien,hmong_mien,
h3,subnational,jawi peranakan,jawi_peranakan,
h3,subnational,kiang si,kiang_si,
h3,subnational,pa then,pa_then,
h3,subnational,san diu,san_diu,
h3,subnational,sauria paharia,sauria_paharia,
h3,subnational,sirenik eskimos,sirenik_eskimos,
h3,subnational,tai aiton,tai_aiton,
h3,subnational,tai khamti,tai_khamti,
h3,subnational,tai khamyang,tai_khamyang,
h3,subnational,tai phake,tai_phake,
h3,subnational,tai phakial,tai_phakial,
h3,subnational,tai turung,tai_turung,
h3,subnational,tibetan ladakhis,tibetan_ladakhis,
h3,subnational,tibetan muslim,tibetan_muslim,
h3,subnational,uttarakhandi bhotiya,uttarakhandi_bhotiya,
h3,subnational,volga finns,volga_finns,
h3,subnational,bihari mauritian,bihari_mauritian,
h3,subnational,bnei menashe,bnei_menashe,
h3,subnational,chughtai tartars,chughtai_tartars,
h3,subnational,dongria kondha,dongria_kondha,
h3,subnational,great andamanese,great_andamanese,
h3,subnational,indo kiwi,indo_kiwi,
h3,subnational,iraqi biradri,iraqi_biradri,
h3,subnational,malabar nasrani,malabar_nasrani,
h3,subnational,sauria paharia,sauria_paharia,
h3,subnational,cambodian hokkien,cambodian_hokkien,
h3,subnational,chin haw,chin_haw,
h3,subnational,filipino mestizo,filipino_mestizo,
h3,subnational,jiang zhe,jiang_zhe,
h3,subnational,kam–sui,kam_sui,
h3,subnational,kam-sui,kam_sui,
h3,subnational,new hampshire,new_hampshire,
h3,subnational,new hampshirite,new_hampshirite,
h3,subnational,new jersey,new_jersey,
h3,subnational,new jerseyan,new_jerseyan,
h3,subnational,new mexican,new_mexican,
h3,subnational,new mexicans,new_mexicans,
h3,subnational,new mexico,new_mexico,
h3,subnational,new york,new_york,
h3,subnational,new yorker,new_yorker,
h3,subnational,nez perce,nez_perce,
h3,subnational,two kettles,two_kettles,
h3,subnational,burned thighs,burned_thighs,
h3,subnational,scatters their own,scatters_their_own,
h3,subnational,alafaya costas,alafaya_costas,
h3,subnational,cape fear indians,cape_fear_indians,
h3,subnational,costas alafeyes,costas_alafeyes,
h3,subnational,pee dee,pee_dee,
h3,subnational,nicola athapaskans,nicola_athapaskans,
h3,subnational,buffalo berry eaters,buffalo_berry_eaters,
h3,subnational,buffalo eaters,buffalo_eaters,
h3,subnational,krum bay,krum_bay,
h3,subnational,kirataka nishadi,kirataka_nishadi,
h3,subnational,kerala mukkuvar,kerala_mukkuvar,
h3,subnational,mahawar vaishya,mahawar_vaishya,
h3,subnational,lakkamari kapu,lakkamari_kapu,
h3,subnational,kuthaliya bora,kuthaliya_bora,
h3,subnational,bay of plentiers,bay_of_plentiers,
h3,subnational,bay of plenty,bay_of_plenty,
h3,subnational,chatham islanders,chatham_islanders,
h3,subnational,chatham islands,chatham_islands,
h3,subnational,nelson region,nelson_region,
h3,subnational,north islander,north_islander,
h3,subnational,north islanders,north_islanders,
h3,subnational,northland region,northland_region,
h3,subnational,south islander,south_islander,
h3,subnational,south islanders,south_islanders,
h3,subnational,southland region,southland_region,
h3,subnational,stewart island,stewart_island,
h3,subnational,stewart islander,stewart_islander,
h3,subnational,stewart islanders,stewart_islanders,
h3,subnational,agusan del norte,agusan_del_norte,
h3,subnational,agusan del sur,agusan_del_sur,
h3,subnational,puerto rican,puerto_rican,
h3,subnational,puerto rico,puerto_rico,
h3,subnational,rhode island,rhode_island,
h3,subnational,rhode islander,rhode_islander,
h3,subnational,rhode islanders,rhode_islanders,
h3,subnational,west virginia,west_virginia,
h3,subnational,west virginian,west_virginian,
h3,subnational,deg hit’an,deg_hit’an,
h3,subnational,deg xinag,deg_xinag,
h3,subnational,deh cho,deh_cho,
h3,subnational,deh gah got'ine,deh_gah_got'ine,
h3,subnational,tli cho,tli_cho,
h3,subnational,inland tlingit,inland_tlingit,
h3,subnational,fish eaters,fish_eaters,
h3,subnational,groundhog eaters,groundhog_eaters,
h3,subnational,jack rabbit eaters,jack_rabbit_eaters,
h3,subnational,mentzelia seed eaters,mentzelia_seed_eaters,
h3,subnational,pinenut eaters,pinenut_eaters,
h3,subnational,porcupine grass seed eaters,porcupine_grass_seed_eaters,
h3,subnational,redtop grass eaters,redtop_grass_eaters,
h3,subnational,ricegrass eaters,ricegrass_eaters,
h3,subnational,ryegrass seed eaters,ryegrass_seed_eaters,
h3,subnational,sage grass,sage_grass,
h3,subnational,salmon eaters,salmon_eaters,
h3,subnational,san pitch,san_pitch,
h3,subnational,sheep eaters,sheep_eaters,
h3,subnational,tule eaters,tule_eaters,
h3,subnational,white river utes,white_river_utes,
h3,subnational,wild wheat eaters,wild_wheat_eaters,
h3,subnational,alliklik–castac,alliklik_castac,
h3,subnational,alliklik–castac,alliklik_castac,
h3,subnational,foothill yokuts,foothill_yokuts,
h3,subnational,san clemente,san_clemente,
h3,subnational,sierra miwok,sierra_miwok,
h3,subnational,vanyume mohineyam,vanyume_mohineyam,
h3,subnational,yuhaviatam morongo,yuhaviatam_morongo,
h3,subnational,isleta pueblo,isleta_pueblo,
h3,subnational,jemez pueblo,jemez_pueblo,
h3,subnational,ohkay owingeh,ohkay_owingeh,
h3,subnational,pima bajo,pima_bajo,
h3,subnational,san carlos,san_carlos,
h3,subnational,san felipe,san_felipe,
h3,subnational,santa clara,santa_clara,
h3,subnational,tohono o'odham,tohono_o'odham,
h3,subnational,white mountain,white_mountain,
h3,subnational,pai pai,pai_pai,
h3,subnational,pima bajo,pima_bajo,
h3,subnational,kashmiri pandit,kashmiri_pandit,
h3,subnational,kasi kapadi,kasi_kapadi,
h3,subnational,kannadiya naidu,kannadiya_naidu,
h3,subnational,kalari panicker,kalari_panicker,
h3,subnational,kadava patidar,kadava_patidar,
h3,subnational,jogi faqir,jogi_faqir,
h3,subnational,goud saraswat,goud_saraswat,
h3,subnational,hindu burud,hindu_burud,
h3,subnational,holaya dasar,holaya_dasar,
h3,subnational,holeya dasari,holeya_dasari,
h3,subnational,hoysala karnataka,hoysala_karnataka,
h3,subnational,isai vellalar,isai_vellalar,
h3,subnational,jalia kaibarta,jalia_kaibarta,
h3,subnational,jatia chamar,jatia_chamar,
h3,subnational,lun bawang,lun_bawang,
h3,subnational,minh hương,minh_hương,
h3,subnational,sam kiang,sam_kiang,
h3,subnational,white tai,white_tai,
h3,subnational,aadi gour,aadi_gour,
h3,subnational,adi andhra,adi_andhra,
h3,subnational,adi dravida,adi_dravida,
h3,subnational,anjana chaudhari,anjana_chaudhari,
h3,subnational,aray mala,aray_mala,
h3,subnational,balawalikar saraswat,balawalikar_saraswat,
h3,subnational,bawa—sadhu,bawa_sadhu,
h3,subnational,bawa-sadhu,bawa_sadhu,
h3,subnational,beda jangam,beda_jangam,
h3,subnational,bhavasara kshatriya,bhavasara_kshatriya,
h3,subnational,bhil gametia,bhil_gametia,
h3,subnational,bhil mama,bhil_mama,
h3,subnational,boya bedar,boya_bedar,
h3,subnational,brittial bania,brittial_bania,
h3,subnational,budga jangam,budga_jangam,
h3,subnational,bukka ayavar,bukka_ayavar,
h3,subnational,buragam kalinga,buragam_kalinga,
h3,subnational,buragana kalinga,buragana_kalinga,
h3,subnational,chenna dasar,chenna_dasar,
h3,subnational,devendrakula velalar,devendrakula_velalar,
h3,subnational,dhegu megu,dhegu_megu,
h3,subnational,ediga gowda,ediga_gowda,
h3,subnational,elur chetty,elur_chetty,
h3,subnational,gajula balija,gajula_balija,
h3,subnational,gajula kapu,gajula_kapu,
h3,subnational,guaraní ñandéva,guaraní_ñandéva,
h3,subnational,wuy jugu,wuy_jugu,
h3,subnational,cinta larga,cinta_larga,
h3,subnational,enawene nawe,enawene_nawe,
h3,subnational,gavião of rondônia,gavião_of_rondônia,
h3,subnational,assuriní do toncantins,assuriní_do_toncantins,
h3,subnational,suruí do pará,suruí_do_pará,
h3,subnational,tsohom djapá,tsohom_djapá,
h3,subnational,sarayacu kichua,sarayacu_kichua,
h3,subnational,chimborazo kichua,chimborazo_kichua,
h3,subnational,cholos cuencanos,cholos_cuencanos,
h3,subnational,cañari kichua,cañari_kichua,
h3,subnational,norte chico,norte_chico,
h3,subnational,likan antaí,likan_antaí,
h3,subnational,la tolita,la_tolita,
h3,subnational,cerro narrio,cerro_narrio,
h3,subnational,carijo guarani,carijo_guarani,
h3,subnational,apinaye caroyo,apinaye_caroyo,
h3,subnational,woun meu,woun_meu,
h3,subnational,tu'un savi,tu'un_savi,
h3,subnational,tsa jujmí,tsa_jujmí,
h3,subnational,tohono o'odham,tohono_o'odham,
h3,subnational,slijuala sihanuk,slijuala_sihanuk,
h3,subnational,runixa ngiigua,runixa_ngiigua,
h3,subnational,nduudu yu,nduudu_yu,
h3,subnational,k'op o winik atel,k'op_o_winik_atel,
h3,subnational,es péi,es_péi,
h3,subnational,ha shuta enima,ha_shuta_enima,
h3,subnational,hach t'an,hach_t'an,
h3,subnational,chichimeca jonaz,chichimeca_jonaz,
h3,subnational,tjër di,tjër_di,
h3,subnational,tawira miskito,tawira_miskito,
h3,subnational,ngöbe buglé,ngöbe_buglé,
h3,subnational,miskito sambu,miskito_sambu,
h3,subnational,pai 1,pai_1,lowers false positive rate
h3,subnational,pai-1,pai_1,lowers false positive rate
h3,subnational,pai 2,pai_2,lowers false positive rate
h3,subnational,pai-2,pai_2,lowers false positive rate
h3,subnational,pai-2r,pai_2r,lowers false positive rate
h3,subnational,single pai,single_pai,lowers false positive rate
h3,subnational,dose pai,dose_pai,lowers false positive rate
h3,subnational,e3::ho,e3_ho,lowers false positive rate
h3,subnational,ho 1,ho_1,lowers false positive rate
h3,subnational,ho-1,ho_1,lowers false positive rate
h3,subnational,ho 2,ho_2,lowers false positive rate
h3,subnational,ho-2,ho_2,lowers false positive rate
h3,subnational,1 ho,1_ho,lowers false positive rate
h3,subnational,1-ho,1_ho,lowers false positive rate
h3,subnational,ho site,ho_site,lowers false positive rate
h3,subnational,ais people,ais_people,lowers false positive rate
h3,subnational,ge people,ge_people,lowers false positive rate
h3,subnational,eno people,eno_people,lowers false positive rate
h3,subnational,het people,het_people,lowers false positive rate
h3,subnational,ho people,ho_people,lowers false positive rate
h3,subnational,bia people,bia_people,lowers false positive rate
h3,subnational,wa people,wa_people,lowers false positive rate
h3,subnational,nat people,nat_people,lowers false positive rate
h3,subnational,lu people,lu_people,lowers false positive rate
h3,subnational,lak people,lak_people,lowers false positive rate
h3,subnational,ava people,ava_people,lowers false positive rate
h3,subnational,zo people,zo_people,lowers false positive rate
h3,subnational,nasa people,nasa_people,lowers false positive rate
h3,subnational,sumo people,sumo_people,lowers false positive rate
h3,subnational,ree people,ree_people,lowers false positive rate
h3,subnational,apache i,apache_i,lowers false positive rate
h3,subnational,apache ii,apache_ii,lowers false positive rate
h3,subnational,ho poh,ho_poh,lowers false positive rate
h3,subnational,mono people,mono_people,lowers false positive rate
h3,subnational,mayo people,mayo_people,lowers false positive rate
h3,subnational,tunica albuginea,tunica_albuginea,lowers false positive rate
h3,subnational,tunica vaginalis,tunica_vaginalis,lowers false positive rate
h3,subnational,lun bawang,lun_bawang,lowers false positive rate